firstName,lastName,bankCode
Peter,Griffin,AB1234
Sam,Smith,CD4323
Ryan,Bergarra,PO1342
John,4,HZ1324
4,Brax,GE1324
123,fea,1213
Peter,Griffin,AB1234
Sam,Smith,CD4323
Ryan,Bergarra,PO1342
John,4,HZ1324
4,Brax,GE1324
123,fea,1213Peter,Griffin,AB1234
Sam,Smith,CD4323
Ryan,Bergarra,PO1342
John,4,HZ1324
4,Brax,GE1324
123,fea,1213Peter,Griffin,AB1234
Sam,Smith,CD4323
Ryan,Bergarra,PO1342
John,4,HZ1324
4,Brax,GE1324
123,fea,1213Peter,Griffin,AB1234
Sam,Smith,CD4323
Ryan,Bergarra,PO1342
Peter,Griffin,AB1234
Sam,Smith,CD4323
Ryan,Bergarra,PO1342
John,4,HZ1324
4,Brax,GE1324
123,fea,1213
Peter,Griffin,AB1234
Sam,Smith,CD4323
Ryan,Bergarra,PO1342
John,4,HZ1324
4,Brax,GE1324
123,fea,1213Peter,Griffin,AB1234
Sam,Smith,CD4323
Ryan,Bergarra,PO1342
John,4,HZ1324
4,Brax,GE1324
123,fea,1213Peter,Griffin,AB1234
Sam,Smith,CD4323
Ryan,Bergarra,PO1342
John,4,HZ1324
4,Brax,GE1324
123,fea,1213Peter,Griffin,AB1234
Sam,Smith,CD4323
Ryan,Bergarra,PO1342Peter,Griffin,AB1234
Sam,Smith,CD4323
Ryan,Bergarra,PO1342
John,4,HZ1324
4,Brax,GE1324
123,fea,1213
Peter,Griffin,AB1234
Sam,Smith,CD4323
Ryan,Bergarra,PO1342
John,4,HZ1324
4,Brax,GE1324
123,fea,1213Peter,Griffin,AB1234
Sam,Smith,CD4323
Ryan,Bergarra,PO1342
John,4,HZ1324
4,Brax,GE1324
123,fea,1213Peter,Griffin,AB1234
Sam,Smith,CD4323
Ryan,Bergarra,PO1342
John,4,HZ1324
4,Brax,GE1324
123,fea,1213Peter,Griffin,AB1234
Sam,Smith,CD4323
Ryan,Bergarra,PO1342Peter,Griffin,AB1234
Sam,Smith,CD4323
Ryan,Bergarra,PO1342
John,4,HZ1324
4,Brax,GE1324
123,fea,1213
Peter,Griffin,AB1234
Sam,Smith,CD4323
Ryan,Bergarra,PO1342
John,4,HZ1324
4,Brax,GE1324
123,fea,1213Peter,Griffin,AB1234
Sam,Smith,CD4323
Ryan,Bergarra,PO1342
John,4,HZ1324
4,Brax,GE1324
123,fea,1213Peter,Griffin,AB1234
Sam,Smith,CD4323
Ryan,Bergarra,PO1342
John,4,HZ1324
4,Brax,GE1324
123,fea,1213Peter,Griffin,AB1234
Sam,Smith,CD4323
Ryan,Bergarra,PO1342Peter,Griffin,AB1234
Sam,Smith,CD4323
Ryan,Bergarra,PO1342
John,4,HZ1324
4,Brax,GE1324
123,fea,1213
Peter,Griffin,AB1234
Sam,Smith,CD4323
Ryan,Bergarra,PO1342
John,4,HZ1324
4,Brax,GE1324
123,fea,1213Peter,Griffin,AB1234
Sam,Smith,CD4323
Ryan,Bergarra,PO1342
John,4,HZ1324
4,Brax,GE1324
123,fea,1213Peter,Griffin,AB1234
Sam,Smith,CD4323
Ryan,Bergarra,PO1342
John,4,HZ1324
4,Brax,GE1324
123,fea,1213Peter,Griffin,AB1234
Sam,Smith,CD4323
Ryan,Bergarra,PO1342Peter,Griffin,AB1234
Sam,Smith,CD4323
Ryan,Bergarra,PO1342
John,4,HZ1324
4,Brax,GE1324
123,fea,1213
Peter,Griffin,AB1234
Sam,Smith,CD4323
Ryan,Bergarra,PO1342
John,4,HZ1324
4,Brax,GE1324
123,fea,1213Peter,Griffin,AB1234
Sam,Smith,CD4323
Ryan,Bergarra,PO1342
John,4,HZ1324
4,Brax,GE1324
123,fea,1213Peter,Griffin,AB1234
Sam,Smith,CD4323
Ryan,Bergarra,PO1342
John,4,HZ1324
4,Brax,GE1324
123,fea,1213Peter,Griffin,AB1234
Sam,Smith,CD4323
Ryan,Bergarra,PO1342
